{"mean":{"confidence_interval":{"confidence_level":0.95,"lower_bound":-0.5522568242934124,"upper_bound":-0.5466547102997904},"point_estimate":-0.5496353374082866,"standard_error":0.001426139634813353},"median":{"confidence_interval":{"confidence_level":0.95,"lower_bound":-0.5511885041810707,"upper_bound":-0.5500104975975824},"point_estimate":-0.5508185190173222,"standard_error":0.0003632501869281865}}